id_mpo,municipio,anio,doc_id,pdf_url,file_local,status
1,Acatic,2010,7890,https://apiperiodico.jalisco.gob.mx/api/otrosperiodicos/public/7890/pdf,data\jalisco\pdf_raw\acatic\2010\JAL_RAW_2010_acatic.pdf,ok
1,Acatic,2011,8244,https://apiperiodico.jalisco.gob.mx/api/otrosperiodicos/public/8244/pdf,data\jalisco\pdf_raw\acatic\2011\JAL_RAW_2011_acatic.pdf,already_exists
2,Acatlán de Juárez,2010,8894,https://apiperiodico.jalisco.gob.mx/api/otrosperiodicos/public/8894/pdf,data\jalisco\pdf_raw\acatlan_de_juarez\2010\JAL_RAW_2010_acatlan_de_juarez.pdf,ok
2,Acatlán de Juárez,2011,7227,https://apiperiodico.jalisco.gob.mx/api/otrosperiodicos/public/7227/pdf,data\jalisco\pdf_raw\acatlan_de_juarez\2011\JAL_RAW_2011_acatlan_de_juarez.pdf,ok
3,Ahualulco de Mercado,2010,8968,https://apiperiodico.jalisco.gob.mx/api/otrosperiodicos/public/8968/pdf,data\jalisco\pdf_raw\ahualulco_de_mercado\2010\JAL_RAW_2010_ahualulco_de_mercado.pdf,ok
3,Ahualulco de Mercado,2011,9532,https://apiperiodico.jalisco.gob.mx/api/otrosperiodicos/public/9532/pdf,data\jalisco\pdf_raw\ahualulco_de_mercado\2011\JAL_RAW_2011_ahualulco_de_mercado.pdf,ok
4,Amacueca,2010,8979,https://apiperiodico.jalisco.gob.mx/api/otrosperiodicos/public/8979/pdf,data\jalisco\pdf_raw\amacueca\2010\JAL_RAW_2010_amacueca.pdf,ok
4,Amacueca,2011,8826,https://apiperiodico.jalisco.gob.mx/api/otrosperiodicos/public/8826/pdf,data\jalisco\pdf_raw\amacueca\2011\JAL_RAW_2011_amacueca.pdf,ok
5,Amatitán,2010,8212,https://apiperiodico.jalisco.gob.mx/api/otrosperiodicos/public/8212/pdf,data\jalisco\pdf_raw\amatitan\2010\JAL_RAW_2010_amatitan.pdf,ok
5,Amatitán,2011,7371,https://apiperiodico.jalisco.gob.mx/api/otrosperiodicos/public/7371/pdf,data\jalisco\pdf_raw\amatitan\2011\JAL_RAW_2011_amatitan.pdf,ok
6,Ameca,2010,8064,https://apiperiodico.jalisco.gob.mx/api/otrosperiodicos/public/8064/pdf,data\jalisco\pdf_raw\ameca\2010\JAL_RAW_2010_ameca.pdf,ok
6,Ameca,2011,8166,https://apiperiodico.jalisco.gob.mx/api/otrosperiodicos/public/8166/pdf,data\jalisco\pdf_raw\ameca\2011\JAL_RAW_2011_ameca.pdf,ok
7,Arandas,2010,7054,https://apiperiodico.jalisco.gob.mx/api/otrosperiodicos/public/7054/pdf,data\jalisco\pdf_raw\arandas\2010\JAL_RAW_2010_arandas.pdf,ok
7,Arandas,2011,9214,https://apiperiodico.jalisco.gob.mx/api/otrosperiodicos/public/9214/pdf,data\jalisco\pdf_raw\arandas\2011\JAL_RAW_2011_arandas.pdf,ok
8,Atemajac de Brizuela,2010,7980,https://apiperiodico.jalisco.gob.mx/api/otrosperiodicos/public/7980/pdf,data\jalisco\pdf_raw\atemajac_de_brizuela\2010\JAL_RAW_2010_atemajac_de_brizuela.pdf,ok
8,Atemajac de Brizuela,2011,7716,https://apiperiodico.jalisco.gob.mx/api/otrosperiodicos/public/7716/pdf,data\jalisco\pdf_raw\atemajac_de_brizuela\2011\JAL_RAW_2011_atemajac_de_brizuela.pdf,ok
9,Atengo,2010,8457,https://apiperiodico.jalisco.gob.mx/api/otrosperiodicos/public/8457/pdf,data\jalisco\pdf_raw\atengo\2010\JAL_RAW_2010_atengo.pdf,ok
9,Atengo,2011,8889,https://apiperiodico.jalisco.gob.mx/api/otrosperiodicos/public/8889/pdf,data\jalisco\pdf_raw\atengo\2011\JAL_RAW_2011_atengo.pdf,ok
10,Atenguillo,2010,6946,https://apiperiodico.jalisco.gob.mx/api/otrosperiodicos/public/6946/pdf,data\jalisco\pdf_raw\atenguillo\2010\JAL_RAW_2010_atenguillo.pdf,ok
10,Atenguillo,2011,9238,https://apiperiodico.jalisco.gob.mx/api/otrosperiodicos/public/9238/pdf,data\jalisco\pdf_raw\atenguillo\2011\JAL_RAW_2011_atenguillo.pdf,ok
11,Atotonilco el Alto,2010,6867,https://apiperiodico.jalisco.gob.mx/api/otrosperiodicos/public/6867/pdf,data\jalisco\pdf_raw\atotonilco_el_alto\2010\JAL_RAW_2010_atotonilco_el_alto.pdf,ok
11,Atotonilco el Alto,2011,7896,https://apiperiodico.jalisco.gob.mx/api/otrosperiodicos/public/7896/pdf,data\jalisco\pdf_raw\atotonilco_el_alto\2011\JAL_RAW_2011_atotonilco_el_alto.pdf,ok
12,Atoyac,2010,9551,https://apiperiodico.jalisco.gob.mx/api/otrosperiodicos/public/9551/pdf,data\jalisco\pdf_raw\atoyac\2010\JAL_RAW_2010_atoyac.pdf,ok
12,Atoyac,2011,6829,https://apiperiodico.jalisco.gob.mx/api/otrosperiodicos/public/6829/pdf,data\jalisco\pdf_raw\atoyac\2011\JAL_RAW_2011_atoyac.pdf,ok
13,Autlán de Navarro,2010,7601,https://apiperiodico.jalisco.gob.mx/api/otrosperiodicos/public/7601/pdf,data\jalisco\pdf_raw\autlan_de_navarro\2010\JAL_RAW_2010_autlan_de_navarro.pdf,ok
13,Autlán de Navarro,2011,7087,https://apiperiodico.jalisco.gob.mx/api/otrosperiodicos/public/7087/pdf,data\jalisco\pdf_raw\autlan_de_navarro\2011\JAL_RAW_2011_autlan_de_navarro.pdf,ok
14,Ayotlán,2010,8224,https://apiperiodico.jalisco.gob.mx/api/otrosperiodicos/public/8224/pdf,data\jalisco\pdf_raw\ayotlan\2010\JAL_RAW_2010_ayotlan.pdf,ok
14,Ayotlán,2011,7709,https://apiperiodico.jalisco.gob.mx/api/otrosperiodicos/public/7709/pdf,data\jalisco\pdf_raw\ayotlan\2011\JAL_RAW_2011_ayotlan.pdf,ok
15,Ayutla,2010,7676,https://apiperiodico.jalisco.gob.mx/api/otrosperiodicos/public/7676/pdf,data\jalisco\pdf_raw\ayutla\2010\JAL_RAW_2010_ayutla.pdf,ok
15,Ayutla,2011,8609,https://apiperiodico.jalisco.gob.mx/api/otrosperiodicos/public/8609/pdf,data\jalisco\pdf_raw\ayutla\2011\JAL_RAW_2011_ayutla.pdf,ok
16,Bolaños,2010,9014,https://apiperiodico.jalisco.gob.mx/api/otrosperiodicos/public/9014/pdf,data\jalisco\pdf_raw\bolanos\2010\JAL_RAW_2010_bolanos.pdf,ok
16,Bolaños,2011,7701,https://apiperiodico.jalisco.gob.mx/api/otrosperiodicos/public/7701/pdf,data\jalisco\pdf_raw\bolanos\2011\JAL_RAW_2011_bolanos.pdf,ok
17,Cabo Corrientes,2010,7807,https://apiperiodico.jalisco.gob.mx/api/otrosperiodicos/public/7807/pdf,data\jalisco\pdf_raw\cabo_corrientes\2010\JAL_RAW_2010_cabo_corrientes.pdf,ok
17,Cabo Corrientes,2011,8490,https://apiperiodico.jalisco.gob.mx/api/otrosperiodicos/public/8490/pdf,data\jalisco\pdf_raw\cabo_corrientes\2011\JAL_RAW_2011_cabo_corrientes.pdf,ok
18,Casimiro Castillo,2010,7594,https://apiperiodico.jalisco.gob.mx/api/otrosperiodicos/public/7594/pdf,data\jalisco\pdf_raw\casimiro_castillo\2010\JAL_RAW_2010_casimiro_castillo.pdf,ok
18,Casimiro Castillo,2011,8035,https://apiperiodico.jalisco.gob.mx/api/otrosperiodicos/public/8035/pdf,data\jalisco\pdf_raw\casimiro_castillo\2011\JAL_RAW_2011_casimiro_castillo.pdf,ok
19,Cañadas de Obregón,2010,8266,https://apiperiodico.jalisco.gob.mx/api/otrosperiodicos/public/8266/pdf,data\jalisco\pdf_raw\canadas_de_obregon\2010\JAL_RAW_2010_canadas_de_obregon.pdf,ok
19,Cañadas de Obregón,2011,8122,https://apiperiodico.jalisco.gob.mx/api/otrosperiodicos/public/8122/pdf,data\jalisco\pdf_raw\canadas_de_obregon\2011\JAL_RAW_2011_canadas_de_obregon.pdf,ok
20,Chapala,2010,6979,https://apiperiodico.jalisco.gob.mx/api/otrosperiodicos/public/6979/pdf,data\jalisco\pdf_raw\chapala\2010\JAL_RAW_2010_chapala.pdf,ok
20,Chapala,2011,9696,https://apiperiodico.jalisco.gob.mx/api/otrosperiodicos/public/9696/pdf,data\jalisco\pdf_raw\chapala\2011\JAL_RAW_2011_chapala.pdf,ok
21,Chimaltitán,2010,7433,https://apiperiodico.jalisco.gob.mx/api/otrosperiodicos/public/7433/pdf,data\jalisco\pdf_raw\chimaltitan\2010\JAL_RAW_2010_chimaltitan.pdf,ok
21,Chimaltitán,2011,9077,https://apiperiodico.jalisco.gob.mx/api/otrosperiodicos/public/9077/pdf,data\jalisco\pdf_raw\chimaltitan\2011\JAL_RAW_2011_chimaltitan.pdf,ok
22,Chiquilistlán,2010,8582,https://apiperiodico.jalisco.gob.mx/api/otrosperiodicos/public/8582/pdf,data\jalisco\pdf_raw\chiquilistlan\2010\JAL_RAW_2010_chiquilistlan.pdf,ok
22,Chiquilistlán,2011,8062,https://apiperiodico.jalisco.gob.mx/api/otrosperiodicos/public/8062/pdf,data\jalisco\pdf_raw\chiquilistlan\2011\JAL_RAW_2011_chiquilistlan.pdf,ok
23,Cihuatlán,2010,7475,https://apiperiodico.jalisco.gob.mx/api/otrosperiodicos/public/7475/pdf,data\jalisco\pdf_raw\cihuatlan\2010\JAL_RAW_2010_cihuatlan.pdf,ok
23,Cihuatlán,2011,6996,https://apiperiodico.jalisco.gob.mx/api/otrosperiodicos/public/6996/pdf,data\jalisco\pdf_raw\cihuatlan\2011\JAL_RAW_2011_cihuatlan.pdf,ok
24,Cocula,2010,8297,https://apiperiodico.jalisco.gob.mx/api/otrosperiodicos/public/8297/pdf,data\jalisco\pdf_raw\cocula\2010\JAL_RAW_2010_cocula.pdf,ok
24,Cocula,2011,8010,https://apiperiodico.jalisco.gob.mx/api/otrosperiodicos/public/8010/pdf,data\jalisco\pdf_raw\cocula\2011\JAL_RAW_2011_cocula.pdf,ok
25,Colotlán,2010,8850,https://apiperiodico.jalisco.gob.mx/api/otrosperiodicos/public/8850/pdf,data\jalisco\pdf_raw\colotlan\2010\JAL_RAW_2010_colotlan.pdf,ok
25,Colotlán,2011,8467,https://apiperiodico.jalisco.gob.mx/api/otrosperiodicos/public/8467/pdf,data\jalisco\pdf_raw\colotlan\2011\JAL_RAW_2011_colotlan.pdf,ok
26,Concepción de Buenos Aires,2010,8583,https://apiperiodico.jalisco.gob.mx/api/otrosperiodicos/public/8583/pdf,data\jalisco\pdf_raw\concepcion_de_buenos_aires\2010\JAL_RAW_2010_concepcion_de_buenos_aires.pdf,ok
26,Concepción de Buenos Aires,2011,7617,https://apiperiodico.jalisco.gob.mx/api/otrosperiodicos/public/7617/pdf,data\jalisco\pdf_raw\concepcion_de_buenos_aires\2011\JAL_RAW_2011_concepcion_de_buenos_aires.pdf,ok
27,Cuautitlán de García Barragán,2010,8737,https://apiperiodico.jalisco.gob.mx/api/otrosperiodicos/public/8737/pdf,data\jalisco\pdf_raw\cuautitlan_de_garcia_barragan\2010\JAL_RAW_2010_cuautitlan_de_garcia_barragan.pdf,ok
27,Cuautitlán de García Barragán,2011,9090,https://apiperiodico.jalisco.gob.mx/api/otrosperiodicos/public/9090/pdf,data\jalisco\pdf_raw\cuautitlan_de_garcia_barragan\2011\JAL_RAW_2011_cuautitlan_de_garcia_barragan.pdf,ok
28,Cuautla,2010,9012,https://apiperiodico.jalisco.gob.mx/api/otrosperiodicos/public/9012/pdf,data\jalisco\pdf_raw\cuautla\2010\JAL_RAW_2010_cuautla.pdf,ok
28,Cuautla,2011,9285,https://apiperiodico.jalisco.gob.mx/api/otrosperiodicos/public/9285/pdf,data\jalisco\pdf_raw\cuautla\2011\JAL_RAW_2011_cuautla.pdf,ok
29,Cuquío,2010,9022,https://apiperiodico.jalisco.gob.mx/api/otrosperiodicos/public/9022/pdf,data\jalisco\pdf_raw\cuquio\2010\JAL_RAW_2010_cuquio.pdf,ok
29,Cuquío,2011,6963,https://apiperiodico.jalisco.gob.mx/api/otrosperiodicos/public/6963/pdf,data\jalisco\pdf_raw\cuquio\2011\JAL_RAW_2011_cuquio.pdf,ok
30,Degollado,2010,9147,https://apiperiodico.jalisco.gob.mx/api/otrosperiodicos/public/9147/pdf,data\jalisco\pdf_raw\degollado\2010\JAL_RAW_2010_degollado.pdf,ok
30,Degollado,2011,8561,https://apiperiodico.jalisco.gob.mx/api/otrosperiodicos/public/8561/pdf,data\jalisco\pdf_raw\degollado\2011\JAL_RAW_2011_degollado.pdf,ok
31,Ejutla,2010,7861,https://apiperiodico.jalisco.gob.mx/api/otrosperiodicos/public/7861/pdf,data\jalisco\pdf_raw\ejutla\2010\JAL_RAW_2010_ejutla.pdf,ok
31,Ejutla,2011,9272,https://apiperiodico.jalisco.gob.mx/api/otrosperiodicos/public/9272/pdf,data\jalisco\pdf_raw\ejutla\2011\JAL_RAW_2011_ejutla.pdf,ok
32,El Arenal,2010,6825,https://apiperiodico.jalisco.gob.mx/api/otrosperiodicos/public/6825/pdf,data\jalisco\pdf_raw\el_arenal\2010\JAL_RAW_2010_el_arenal.pdf,ok
32,El Arenal,2011,8615,https://apiperiodico.jalisco.gob.mx/api/otrosperiodicos/public/8615/pdf,data\jalisco\pdf_raw\el_arenal\2011\JAL_RAW_2011_el_arenal.pdf,ok
33,El Grullo,2010,7346,https://apiperiodico.jalisco.gob.mx/api/otrosperiodicos/public/7346/pdf,data\jalisco\pdf_raw\el_grullo\2010\JAL_RAW_2010_el_grullo.pdf,ok
33,El Grullo,2011,7712,https://apiperiodico.jalisco.gob.mx/api/otrosperiodicos/public/7712/pdf,data\jalisco\pdf_raw\el_grullo\2011\JAL_RAW_2011_el_grullo.pdf,ok
34,El Limón,2010,9094,https://apiperiodico.jalisco.gob.mx/api/otrosperiodicos/public/9094/pdf,data\jalisco\pdf_raw\el_limon\2010\JAL_RAW_2010_el_limon.pdf,ok
34,El Limón,2011,9076,https://apiperiodico.jalisco.gob.mx/api/otrosperiodicos/public/9076/pdf,data\jalisco\pdf_raw\el_limon\2011\JAL_RAW_2011_el_limon.pdf,ok
35,El Salto,2010,9130,https://apiperiodico.jalisco.gob.mx/api/otrosperiodicos/public/9130/pdf,data\jalisco\pdf_raw\el_salto\2010\JAL_RAW_2010_el_salto.pdf,ok
35,El Salto,2011,8042,https://apiperiodico.jalisco.gob.mx/api/otrosperiodicos/public/8042/pdf,data\jalisco\pdf_raw\el_salto\2011\JAL_RAW_2011_el_salto.pdf,ok
36,Encarnación de Díaz,2010,6890,https://apiperiodico.jalisco.gob.mx/api/otrosperiodicos/public/6890/pdf,data\jalisco\pdf_raw\encarnacion_de_diaz\2010\JAL_RAW_2010_encarnacion_de_diaz.pdf,ok
36,Encarnación de Díaz,2011,9166,https://apiperiodico.jalisco.gob.mx/api/otrosperiodicos/public/9166/pdf,data\jalisco\pdf_raw\encarnacion_de_diaz\2011\JAL_RAW_2011_encarnacion_de_diaz.pdf,ok
37,Etzatlán,2010,6823,https://apiperiodico.jalisco.gob.mx/api/otrosperiodicos/public/6823/pdf,data\jalisco\pdf_raw\etzatlan\2010\JAL_RAW_2010_etzatlan.pdf,ok
37,Etzatlán,2011,9411,https://apiperiodico.jalisco.gob.mx/api/otrosperiodicos/public/9411/pdf,data\jalisco\pdf_raw\etzatlan\2011\JAL_RAW_2011_etzatlan.pdf,ok
38,Guachinango,2010,9491,https://apiperiodico.jalisco.gob.mx/api/otrosperiodicos/public/9491/pdf,data\jalisco\pdf_raw\guachinango\2010\JAL_RAW_2010_guachinango.pdf,ok
38,Guachinango,2011,8660,https://apiperiodico.jalisco.gob.mx/api/otrosperiodicos/public/8660/pdf,data\jalisco\pdf_raw\guachinango\2011\JAL_RAW_2011_guachinango.pdf,ok
39,Guadalajara,2010,7191,https://apiperiodico.jalisco.gob.mx/api/otrosperiodicos/public/7191/pdf,data\jalisco\pdf_raw\guadalajara\2010\JAL_RAW_2010_guadalajara.pdf,ok
39,Guadalajara,2011,7322,https://apiperiodico.jalisco.gob.mx/api/otrosperiodicos/public/7322/pdf,data\jalisco\pdf_raw\guadalajara\2011\JAL_RAW_2011_guadalajara.pdf,ok
40,Gómez Farías,2010,6880,https://apiperiodico.jalisco.gob.mx/api/otrosperiodicos/public/6880/pdf,data\jalisco\pdf_raw\gomez_farias\2010\JAL_RAW_2010_gomez_farias.pdf,ok
40,Gómez Farías,2011,8306,https://apiperiodico.jalisco.gob.mx/api/otrosperiodicos/public/8306/pdf,data\jalisco\pdf_raw\gomez_farias\2011\JAL_RAW_2011_gomez_farias.pdf,ok
41,Hostotipaquillo,2010,6920,https://apiperiodico.jalisco.gob.mx/api/otrosperiodicos/public/6920/pdf,data\jalisco\pdf_raw\hostotipaquillo\2010\JAL_RAW_2010_hostotipaquillo.pdf,ok
41,Hostotipaquillo,2011,7907,https://apiperiodico.jalisco.gob.mx/api/otrosperiodicos/public/7907/pdf,data\jalisco\pdf_raw\hostotipaquillo\2011\JAL_RAW_2011_hostotipaquillo.pdf,ok
42,Huejuquilla el Alto,2010,7779,https://apiperiodico.jalisco.gob.mx/api/otrosperiodicos/public/7779/pdf,data\jalisco\pdf_raw\huejuquilla_el_alto\2010\JAL_RAW_2010_huejuquilla_el_alto.pdf,ok
42,Huejuquilla el Alto,2011,7278,https://apiperiodico.jalisco.gob.mx/api/otrosperiodicos/public/7278/pdf,data\jalisco\pdf_raw\huejuquilla_el_alto\2011\JAL_RAW_2011_huejuquilla_el_alto.pdf,ok
43,Huejúcar,2010,9455,https://apiperiodico.jalisco.gob.mx/api/otrosperiodicos/public/9455/pdf,data\jalisco\pdf_raw\huejucar\2010\JAL_RAW_2010_huejucar.pdf,ok
43,Huejúcar,2011,8071,https://apiperiodico.jalisco.gob.mx/api/otrosperiodicos/public/8071/pdf,data\jalisco\pdf_raw\huejucar\2011\JAL_RAW_2011_huejucar.pdf,ok
44,Ixtlahuacán de los Membrillos,2010,7986,https://apiperiodico.jalisco.gob.mx/api/otrosperiodicos/public/7986/pdf,data\jalisco\pdf_raw\ixtlahuacan_de_los_membrillos\2010\JAL_RAW_2010_ixtlahuacan_de_los_membrillos.pdf,ok
44,Ixtlahuacán de los Membrillos,2011,8254,https://apiperiodico.jalisco.gob.mx/api/otrosperiodicos/public/8254/pdf,data\jalisco\pdf_raw\ixtlahuacan_de_los_membrillos\2011\JAL_RAW_2011_ixtlahuacan_de_los_membrillos.pdf,ok
45,Ixtlahuacán del Río,2010,7569,https://apiperiodico.jalisco.gob.mx/api/otrosperiodicos/public/7569/pdf,data\jalisco\pdf_raw\ixtlahuacan_del_rio\2010\JAL_RAW_2010_ixtlahuacan_del_rio.pdf,ok
45,Ixtlahuacán del Río,2011,9227,https://apiperiodico.jalisco.gob.mx/api/otrosperiodicos/public/9227/pdf,data\jalisco\pdf_raw\ixtlahuacan_del_rio\2011\JAL_RAW_2011_ixtlahuacan_del_rio.pdf,ok
46,Jalostotitlán,2010,7933,https://apiperiodico.jalisco.gob.mx/api/otrosperiodicos/public/7933/pdf,data\jalisco\pdf_raw\jalostotitlan\2010\JAL_RAW_2010_jalostotitlan.pdf,ok
46,Jalostotitlán,2011,7905,https://apiperiodico.jalisco.gob.mx/api/otrosperiodicos/public/7905/pdf,data\jalisco\pdf_raw\jalostotitlan\2011\JAL_RAW_2011_jalostotitlan.pdf,ok
47,Jamay,2010,9506,https://apiperiodico.jalisco.gob.mx/api/otrosperiodicos/public/9506/pdf,data\jalisco\pdf_raw\jamay\2010\JAL_RAW_2010_jamay.pdf,ok
47,Jamay,2011,7203,https://apiperiodico.jalisco.gob.mx/api/otrosperiodicos/public/7203/pdf,data\jalisco\pdf_raw\jamay\2011\JAL_RAW_2011_jamay.pdf,ok
48,Jesús María,2010,8778,https://apiperiodico.jalisco.gob.mx/api/otrosperiodicos/public/8778/pdf,data\jalisco\pdf_raw\jesus_maria\2010\JAL_RAW_2010_jesus_maria.pdf,ok
48,Jesús María,2011,8919,https://apiperiodico.jalisco.gob.mx/api/otrosperiodicos/public/8919/pdf,data\jalisco\pdf_raw\jesus_maria\2011\JAL_RAW_2011_jesus_maria.pdf,ok
49,Jilotlán de los Dolores,2010,9252,https://apiperiodico.jalisco.gob.mx/api/otrosperiodicos/public/9252/pdf,data\jalisco\pdf_raw\jilotlan_de_los_dolores\2010\JAL_RAW_2010_jilotlan_de_los_dolores.pdf,ok
49,Jilotlán de los Dolores,2011,6967,https://apiperiodico.jalisco.gob.mx/api/otrosperiodicos/public/6967/pdf,data\jalisco\pdf_raw\jilotlan_de_los_dolores\2011\JAL_RAW_2011_jilotlan_de_los_dolores.pdf,ok
50,Jocotepec,2010,7856,https://apiperiodico.jalisco.gob.mx/api/otrosperiodicos/public/7856/pdf,data\jalisco\pdf_raw\jocotepec\2010\JAL_RAW_2010_jocotepec.pdf,ok
50,Jocotepec,2011,7673,https://apiperiodico.jalisco.gob.mx/api/otrosperiodicos/public/7673/pdf,data\jalisco\pdf_raw\jocotepec\2011\JAL_RAW_2011_jocotepec.pdf,ok
51,Juanacatlán,2010,7838,https://apiperiodico.jalisco.gob.mx/api/otrosperiodicos/public/7838/pdf,data\jalisco\pdf_raw\juanacatlan\2010\JAL_RAW_2010_juanacatlan.pdf,ok
51,Juanacatlán,2011,9520,https://apiperiodico.jalisco.gob.mx/api/otrosperiodicos/public/9520/pdf,data\jalisco\pdf_raw\juanacatlan\2011\JAL_RAW_2011_juanacatlan.pdf,ok
52,Juchitlán,2010,7750,https://apiperiodico.jalisco.gob.mx/api/otrosperiodicos/public/7750/pdf,data\jalisco\pdf_raw\juchitlan\2010\JAL_RAW_2010_juchitlan.pdf,ok
52,Juchitlán,2011,8854,https://apiperiodico.jalisco.gob.mx/api/otrosperiodicos/public/8854/pdf,data\jalisco\pdf_raw\juchitlan\2011\JAL_RAW_2011_juchitlan.pdf,ok
53,La Barca,2010,8060,https://apiperiodico.jalisco.gob.mx/api/otrosperiodicos/public/8060/pdf,data\jalisco\pdf_raw\la_barca\2010\JAL_RAW_2010_la_barca.pdf,ok
53,La Barca,2011,7782,https://apiperiodico.jalisco.gob.mx/api/otrosperiodicos/public/7782/pdf,data\jalisco\pdf_raw\la_barca\2011\JAL_RAW_2011_la_barca.pdf,ok
54,La Huerta,2010,7891,https://apiperiodico.jalisco.gob.mx/api/otrosperiodicos/public/7891/pdf,data\jalisco\pdf_raw\la_huerta\2010\JAL_RAW_2010_la_huerta.pdf,ok
54,La Huerta,2011,8451,https://apiperiodico.jalisco.gob.mx/api/otrosperiodicos/public/8451/pdf,data\jalisco\pdf_raw\la_huerta\2011\JAL_RAW_2011_la_huerta.pdf,ok
55,La Manzanilla de la Paz,2010,8928,https://apiperiodico.jalisco.gob.mx/api/otrosperiodicos/public/8928/pdf,data\jalisco\pdf_raw\la_manzanilla_de_la_paz\2010\JAL_RAW_2010_la_manzanilla_de_la_paz.pdf,ok
55,La Manzanilla de la Paz,2011,8955,https://apiperiodico.jalisco.gob.mx/api/otrosperiodicos/public/8955/pdf,data\jalisco\pdf_raw\la_manzanilla_de_la_paz\2011\JAL_RAW_2011_la_manzanilla_de_la_paz.pdf,ok
56,Lagos de Moreno,2010,8589,https://apiperiodico.jalisco.gob.mx/api/otrosperiodicos/public/8589/pdf,data\jalisco\pdf_raw\lagos_de_moreno\2010\JAL_RAW_2010_lagos_de_moreno.pdf,ok
56,Lagos de Moreno,2011,7385,https://apiperiodico.jalisco.gob.mx/api/otrosperiodicos/public/7385/pdf,data\jalisco\pdf_raw\lagos_de_moreno\2011\JAL_RAW_2011_lagos_de_moreno.pdf,ok
57,Magdalena,2010,7793,https://apiperiodico.jalisco.gob.mx/api/otrosperiodicos/public/7793/pdf,data\jalisco\pdf_raw\magdalena\2010\JAL_RAW_2010_magdalena.pdf,ok
57,Magdalena,2011,7974,https://apiperiodico.jalisco.gob.mx/api/otrosperiodicos/public/7974/pdf,data\jalisco\pdf_raw\magdalena\2011\JAL_RAW_2011_magdalena.pdf,ok
58,Mascota,2010,8432,https://apiperiodico.jalisco.gob.mx/api/otrosperiodicos/public/8432/pdf,data\jalisco\pdf_raw\mascota\2010\JAL_RAW_2010_mascota.pdf,ok
58,Mascota,2011,9416,https://apiperiodico.jalisco.gob.mx/api/otrosperiodicos/public/9416/pdf,data\jalisco\pdf_raw\mascota\2011\JAL_RAW_2011_mascota.pdf,ok
59,Mazamitla,2010,6847,https://apiperiodico.jalisco.gob.mx/api/otrosperiodicos/public/6847/pdf,data\jalisco\pdf_raw\mazamitla\2010\JAL_RAW_2010_mazamitla.pdf,ok
59,Mazamitla,2011,7875,https://apiperiodico.jalisco.gob.mx/api/otrosperiodicos/public/7875/pdf,data\jalisco\pdf_raw\mazamitla\2011\JAL_RAW_2011_mazamitla.pdf,ok
60,Mexticacán,2010,8829,https://apiperiodico.jalisco.gob.mx/api/otrosperiodicos/public/8829/pdf,data\jalisco\pdf_raw\mexticacan\2010\JAL_RAW_2010_mexticacan.pdf,ok
60,Mexticacán,2011,7887,https://apiperiodico.jalisco.gob.mx/api/otrosperiodicos/public/7887/pdf,data\jalisco\pdf_raw\mexticacan\2011\JAL_RAW_2011_mexticacan.pdf,ok
61,Mezquitic,2010,8612,https://apiperiodico.jalisco.gob.mx/api/otrosperiodicos/public/8612/pdf,data\jalisco\pdf_raw\mezquitic\2010\JAL_RAW_2010_mezquitic.pdf,ok
61,Mezquitic,2011,8240,https://apiperiodico.jalisco.gob.mx/api/otrosperiodicos/public/8240/pdf,data\jalisco\pdf_raw\mezquitic\2011\JAL_RAW_2011_mezquitic.pdf,ok
62,Mixtlán,2010,7632,https://apiperiodico.jalisco.gob.mx/api/otrosperiodicos/public/7632/pdf,data\jalisco\pdf_raw\mixtlan\2010\JAL_RAW_2010_mixtlan.pdf,ok
62,Mixtlán,2011,8651,https://apiperiodico.jalisco.gob.mx/api/otrosperiodicos/public/8651/pdf,data\jalisco\pdf_raw\mixtlan\2011\JAL_RAW_2011_mixtlan.pdf,ok
63,Ocotlán,2010,8574,https://apiperiodico.jalisco.gob.mx/api/otrosperiodicos/public/8574/pdf,data\jalisco\pdf_raw\ocotlan\2010\JAL_RAW_2010_ocotlan.pdf,ok
63,Ocotlán,2011,7468,https://apiperiodico.jalisco.gob.mx/api/otrosperiodicos/public/7468/pdf,data\jalisco\pdf_raw\ocotlan\2011\JAL_RAW_2011_ocotlan.pdf,ok
64,Ojuelos de Jalisco,2010,8598,https://apiperiodico.jalisco.gob.mx/api/otrosperiodicos/public/8598/pdf,data\jalisco\pdf_raw\ojuelos_de_jalisco\2010\JAL_RAW_2010_ojuelos_de_jalisco.pdf,ok
64,Ojuelos de Jalisco,2011,9384,https://apiperiodico.jalisco.gob.mx/api/otrosperiodicos/public/9384/pdf,data\jalisco\pdf_raw\ojuelos_de_jalisco\2011\JAL_RAW_2011_ojuelos_de_jalisco.pdf,ok
65,Pihuamo,2010,8526,https://apiperiodico.jalisco.gob.mx/api/otrosperiodicos/public/8526/pdf,data\jalisco\pdf_raw\pihuamo\2010\JAL_RAW_2010_pihuamo.pdf,ok
65,Pihuamo,2011,7554,https://apiperiodico.jalisco.gob.mx/api/otrosperiodicos/public/7554/pdf,data\jalisco\pdf_raw\pihuamo\2011\JAL_RAW_2011_pihuamo.pdf,ok
66,Poncitlán,2010,7621,https://apiperiodico.jalisco.gob.mx/api/otrosperiodicos/public/7621/pdf,data\jalisco\pdf_raw\poncitlan\2010\JAL_RAW_2010_poncitlan.pdf,ok
66,Poncitlán,2011,8588,https://apiperiodico.jalisco.gob.mx/api/otrosperiodicos/public/8588/pdf,data\jalisco\pdf_raw\poncitlan\2011\JAL_RAW_2011_poncitlan.pdf,ok
67,Puerto Vallarta,2010,9244,https://apiperiodico.jalisco.gob.mx/api/otrosperiodicos/public/9244/pdf,data\jalisco\pdf_raw\puerto_vallarta\2010\JAL_RAW_2010_puerto_vallarta.pdf,ok
67,Puerto Vallarta,2011,8149,https://apiperiodico.jalisco.gob.mx/api/otrosperiodicos/public/8149/pdf,data\jalisco\pdf_raw\puerto_vallarta\2011\JAL_RAW_2011_puerto_vallarta.pdf,ok
68,Quitupan,2010,7213,https://apiperiodico.jalisco.gob.mx/api/otrosperiodicos/public/7213/pdf,data\jalisco\pdf_raw\quitupan\2010\JAL_RAW_2010_quitupan.pdf,ok
68,Quitupan,2011,9095,https://apiperiodico.jalisco.gob.mx/api/otrosperiodicos/public/9095/pdf,data\jalisco\pdf_raw\quitupan\2011\JAL_RAW_2011_quitupan.pdf,ok
69,San Cristóbal de la Barranca,2010,8176,https://apiperiodico.jalisco.gob.mx/api/otrosperiodicos/public/8176/pdf,data\jalisco\pdf_raw\san_cristobal_de_la_barranca\2010\JAL_RAW_2010_san_cristobal_de_la_barranca.pdf,ok
69,San Cristóbal de la Barranca,2011,8092,https://apiperiodico.jalisco.gob.mx/api/otrosperiodicos/public/8092/pdf,data\jalisco\pdf_raw\san_cristobal_de_la_barranca\2011\JAL_RAW_2011_san_cristobal_de_la_barranca.pdf,ok
70,San Diego de Alejandría,2010,9328,https://apiperiodico.jalisco.gob.mx/api/otrosperiodicos/public/9328/pdf,data\jalisco\pdf_raw\san_diego_de_alejandria\2010\JAL_RAW_2010_san_diego_de_alejandria.pdf,ok
70,San Diego de Alejandría,2011,9635,https://apiperiodico.jalisco.gob.mx/api/otrosperiodicos/public/9635/pdf,data\jalisco\pdf_raw\san_diego_de_alejandria\2011\JAL_RAW_2011_san_diego_de_alejandria.pdf,ok
71,San Gabriel,2010,8237,https://apiperiodico.jalisco.gob.mx/api/otrosperiodicos/public/8237/pdf,data\jalisco\pdf_raw\san_gabriel\2010\JAL_RAW_2010_san_gabriel.pdf,ok
71,San Gabriel,2011,7998,https://apiperiodico.jalisco.gob.mx/api/otrosperiodicos/public/7998/pdf,data\jalisco\pdf_raw\san_gabriel\2011\JAL_RAW_2011_san_gabriel.pdf,ok
72,San Ignacio Cerro Gordo,2010,9425,https://apiperiodico.jalisco.gob.mx/api/otrosperiodicos/public/9425/pdf,data\jalisco\pdf_raw\san_ignacio_cerro_gordo\2010\JAL_RAW_2010_san_ignacio_cerro_gordo.pdf,ok
72,San Ignacio Cerro Gordo,2011,9357,https://apiperiodico.jalisco.gob.mx/api/otrosperiodicos/public/9357/pdf,data\jalisco\pdf_raw\san_ignacio_cerro_gordo\2011\JAL_RAW_2011_san_ignacio_cerro_gordo.pdf,ok
73,San Juan de los Lagos,2010,6813,https://apiperiodico.jalisco.gob.mx/api/otrosperiodicos/public/6813/pdf,data\jalisco\pdf_raw\san_juan_de_los_lagos\2010\JAL_RAW_2010_san_juan_de_los_lagos.pdf,ok
73,San Juan de los Lagos,2011,6816,https://apiperiodico.jalisco.gob.mx/api/otrosperiodicos/public/6816/pdf,data\jalisco\pdf_raw\san_juan_de_los_lagos\2011\JAL_RAW_2011_san_juan_de_los_lagos.pdf,ok
74,San Juanito de Escobedo,2010,7061,https://apiperiodico.jalisco.gob.mx/api/otrosperiodicos/public/7061/pdf,data\jalisco\pdf_raw\san_juanito_de_escobedo\2010\JAL_RAW_2010_san_juanito_de_escobedo.pdf,ok
74,San Juanito de Escobedo,2011,9294,https://apiperiodico.jalisco.gob.mx/api/otrosperiodicos/public/9294/pdf,data\jalisco\pdf_raw\san_juanito_de_escobedo\2011\JAL_RAW_2011_san_juanito_de_escobedo.pdf,ok
75,San Julián,2010,8019,https://apiperiodico.jalisco.gob.mx/api/otrosperiodicos/public/8019/pdf,data\jalisco\pdf_raw\san_julian\2010\JAL_RAW_2010_san_julian.pdf,ok
75,San Julián,2011,7252,https://apiperiodico.jalisco.gob.mx/api/otrosperiodicos/public/7252/pdf,data\jalisco\pdf_raw\san_julian\2011\JAL_RAW_2011_san_julian.pdf,ok
76,San Marcos,2010,8904,https://apiperiodico.jalisco.gob.mx/api/otrosperiodicos/public/8904/pdf,data\jalisco\pdf_raw\san_marcos\2010\JAL_RAW_2010_san_marcos.pdf,ok
76,San Marcos,2011,9279,https://apiperiodico.jalisco.gob.mx/api/otrosperiodicos/public/9279/pdf,data\jalisco\pdf_raw\san_marcos\2011\JAL_RAW_2011_san_marcos.pdf,ok
78,San Martín Hidalgo,2010,8967,https://apiperiodico.jalisco.gob.mx/api/otrosperiodicos/public/8967/pdf,data\jalisco\pdf_raw\san_martin_hidalgo\2010\JAL_RAW_2010_san_martin_hidalgo.pdf,ok
78,San Martín Hidalgo,2011,8637,https://apiperiodico.jalisco.gob.mx/api/otrosperiodicos/public/8637/pdf,data\jalisco\pdf_raw\san_martin_hidalgo\2011\JAL_RAW_2011_san_martin_hidalgo.pdf,ok
77,San Martín de Bolaños,2010,7266,https://apiperiodico.jalisco.gob.mx/api/otrosperiodicos/public/7266/pdf,data\jalisco\pdf_raw\san_martin_de_bolanos\2010\JAL_RAW_2010_san_martin_de_bolanos.pdf,ok
77,San Martín de Bolaños,2011,7759,https://apiperiodico.jalisco.gob.mx/api/otrosperiodicos/public/7759/pdf,data\jalisco\pdf_raw\san_martin_de_bolanos\2011\JAL_RAW_2011_san_martin_de_bolanos.pdf,ok
79,San Miguel el Alto,2010,8929,https://apiperiodico.jalisco.gob.mx/api/otrosperiodicos/public/8929/pdf,data\jalisco\pdf_raw\san_miguel_el_alto\2010\JAL_RAW_2010_san_miguel_el_alto.pdf,ok
79,San Miguel el Alto,2011,7036,https://apiperiodico.jalisco.gob.mx/api/otrosperiodicos/public/7036/pdf,data\jalisco\pdf_raw\san_miguel_el_alto\2011\JAL_RAW_2011_san_miguel_el_alto.pdf,ok
80,San Pedro Tlaquepaque,2010,7083,https://apiperiodico.jalisco.gob.mx/api/otrosperiodicos/public/7083/pdf,data\jalisco\pdf_raw\san_pedro_tlaquepaque\2010\JAL_RAW_2010_san_pedro_tlaquepaque.pdf,ok
80,San Pedro Tlaquepaque,2011,8018,https://apiperiodico.jalisco.gob.mx/api/otrosperiodicos/public/8018/pdf,data\jalisco\pdf_raw\san_pedro_tlaquepaque\2011\JAL_RAW_2011_san_pedro_tlaquepaque.pdf,ok
81,San Sebastián del Oeste,2010,8369,https://apiperiodico.jalisco.gob.mx/api/otrosperiodicos/public/8369/pdf,data\jalisco\pdf_raw\san_sebastian_del_oeste\2010\JAL_RAW_2010_san_sebastian_del_oeste.pdf,ok
81,San Sebastián del Oeste,2011,7158,https://apiperiodico.jalisco.gob.mx/api/otrosperiodicos/public/7158/pdf,data\jalisco\pdf_raw\san_sebastian_del_oeste\2011\JAL_RAW_2011_san_sebastian_del_oeste.pdf,ok
82,Santa María de los Ángeles,2010,7587,https://apiperiodico.jalisco.gob.mx/api/otrosperiodicos/public/7587/pdf,data\jalisco\pdf_raw\santa_maria_de_los_angeles\2010\JAL_RAW_2010_santa_maria_de_los_angeles.pdf,ok
82,Santa María de los Ángeles,2011,8740,https://apiperiodico.jalisco.gob.mx/api/otrosperiodicos/public/8740/pdf,data\jalisco\pdf_raw\santa_maria_de_los_angeles\2011\JAL_RAW_2011_santa_maria_de_los_angeles.pdf,ok
83,Santa María del Oro,2010,7916,https://apiperiodico.jalisco.gob.mx/api/otrosperiodicos/public/7916/pdf,data\jalisco\pdf_raw\santa_maria_del_oro\2010\JAL_RAW_2010_santa_maria_del_oro.pdf,ok
83,Santa María del Oro,2011,8523,https://apiperiodico.jalisco.gob.mx/api/otrosperiodicos/public/8523/pdf,data\jalisco\pdf_raw\santa_maria_del_oro\2011\JAL_RAW_2011_santa_maria_del_oro.pdf,ok
84,Sayula,2010,8027,https://apiperiodico.jalisco.gob.mx/api/otrosperiodicos/public/8027/pdf,data\jalisco\pdf_raw\sayula\2010\JAL_RAW_2010_sayula.pdf,ok
84,Sayula,2011,9284,https://apiperiodico.jalisco.gob.mx/api/otrosperiodicos/public/9284/pdf,data\jalisco\pdf_raw\sayula\2011\JAL_RAW_2011_sayula.pdf,ok
85,Tala,2010,7957,https://apiperiodico.jalisco.gob.mx/api/otrosperiodicos/public/7957/pdf,data\jalisco\pdf_raw\tala\2010\JAL_RAW_2010_tala.pdf,ok
85,Tala,2011,7792,https://apiperiodico.jalisco.gob.mx/api/otrosperiodicos/public/7792/pdf,data\jalisco\pdf_raw\tala\2011\JAL_RAW_2011_tala.pdf,ok
86,Talpa de Allende,2010,7675,https://apiperiodico.jalisco.gob.mx/api/otrosperiodicos/public/7675/pdf,data\jalisco\pdf_raw\talpa_de_allende\2010\JAL_RAW_2010_talpa_de_allende.pdf,ok
86,Talpa de Allende,2011,8418,https://apiperiodico.jalisco.gob.mx/api/otrosperiodicos/public/8418/pdf,data\jalisco\pdf_raw\talpa_de_allende\2011\JAL_RAW_2011_talpa_de_allende.pdf,ok
87,Tamazula de Gordiano,2010,8538,https://apiperiodico.jalisco.gob.mx/api/otrosperiodicos/public/8538/pdf,data\jalisco\pdf_raw\tamazula_de_gordiano\2010\JAL_RAW_2010_tamazula_de_gordiano.pdf,ok
87,Tamazula de Gordiano,2011,8356,https://apiperiodico.jalisco.gob.mx/api/otrosperiodicos/public/8356/pdf,data\jalisco\pdf_raw\tamazula_de_gordiano\2011\JAL_RAW_2011_tamazula_de_gordiano.pdf,ok
88,Tapalpa,2010,7900,https://apiperiodico.jalisco.gob.mx/api/otrosperiodicos/public/7900/pdf,data\jalisco\pdf_raw\tapalpa\2010\JAL_RAW_2010_tapalpa.pdf,ok
88,Tapalpa,2011,8162,https://apiperiodico.jalisco.gob.mx/api/otrosperiodicos/public/8162/pdf,data\jalisco\pdf_raw\tapalpa\2011\JAL_RAW_2011_tapalpa.pdf,ok
89,Tecalitlán,2010,7693,https://apiperiodico.jalisco.gob.mx/api/otrosperiodicos/public/7693/pdf,data\jalisco\pdf_raw\tecalitlan\2010\JAL_RAW_2010_tecalitlan.pdf,ok
89,Tecalitlán,2011,7412,https://apiperiodico.jalisco.gob.mx/api/otrosperiodicos/public/7412/pdf,data\jalisco\pdf_raw\tecalitlan\2011\JAL_RAW_2011_tecalitlan.pdf,ok
90,Techaluta de Montenegro,2010,7534,https://apiperiodico.jalisco.gob.mx/api/otrosperiodicos/public/7534/pdf,data\jalisco\pdf_raw\techaluta_de_montenegro\2010\JAL_RAW_2010_techaluta_de_montenegro.pdf,ok
90,Techaluta de Montenegro,2011,7271,https://apiperiodico.jalisco.gob.mx/api/otrosperiodicos/public/7271/pdf,data\jalisco\pdf_raw\techaluta_de_montenegro\2011\JAL_RAW_2011_techaluta_de_montenegro.pdf,ok
91,Tecolotlán,2010,7481,https://apiperiodico.jalisco.gob.mx/api/otrosperiodicos/public/7481/pdf,data\jalisco\pdf_raw\tecolotlan\2010\JAL_RAW_2010_tecolotlan.pdf,ok
91,Tecolotlán,2011,7290,https://apiperiodico.jalisco.gob.mx/api/otrosperiodicos/public/7290/pdf,data\jalisco\pdf_raw\tecolotlan\2011\JAL_RAW_2011_tecolotlan.pdf,ok
92,Tenamaxtlán,2010,9497,https://apiperiodico.jalisco.gob.mx/api/otrosperiodicos/public/9497/pdf,data\jalisco\pdf_raw\tenamaxtlan\2010\JAL_RAW_2010_tenamaxtlan.pdf,ok
92,Tenamaxtlán,2011,8702,https://apiperiodico.jalisco.gob.mx/api/otrosperiodicos/public/8702/pdf,data\jalisco\pdf_raw\tenamaxtlan\2011\JAL_RAW_2011_tenamaxtlan.pdf,ok
93,Teocaltiche,2010,9339,https://apiperiodico.jalisco.gob.mx/api/otrosperiodicos/public/9339/pdf,data\jalisco\pdf_raw\teocaltiche\2010\JAL_RAW_2010_teocaltiche.pdf,ok
93,Teocaltiche,2011,8568,https://apiperiodico.jalisco.gob.mx/api/otrosperiodicos/public/8568/pdf,data\jalisco\pdf_raw\teocaltiche\2011\JAL_RAW_2011_teocaltiche.pdf,ok
94,Teocuitatlán de Corona,2010,8980,https://apiperiodico.jalisco.gob.mx/api/otrosperiodicos/public/8980/pdf,data\jalisco\pdf_raw\teocuitatlan_de_corona\2010\JAL_RAW_2010_teocuitatlan_de_corona.pdf,ok
94,Teocuitatlán de Corona,2011,7423,https://apiperiodico.jalisco.gob.mx/api/otrosperiodicos/public/7423/pdf,data\jalisco\pdf_raw\teocuitatlan_de_corona\2011\JAL_RAW_2011_teocuitatlan_de_corona.pdf,ok
95,Tepatitlán de Morelos,2010,7525,https://apiperiodico.jalisco.gob.mx/api/otrosperiodicos/public/7525/pdf,data\jalisco\pdf_raw\tepatitlan_de_morelos\2010\JAL_RAW_2010_tepatitlan_de_morelos.pdf,ok
95,Tepatitlán de Morelos,2011,9198,https://apiperiodico.jalisco.gob.mx/api/otrosperiodicos/public/9198/pdf,data\jalisco\pdf_raw\tepatitlan_de_morelos\2011\JAL_RAW_2011_tepatitlan_de_morelos.pdf,ok
96,Tequila,2010,7972,https://apiperiodico.jalisco.gob.mx/api/otrosperiodicos/public/7972/pdf,data\jalisco\pdf_raw\tequila\2010\JAL_RAW_2010_tequila.pdf,ok
96,Tequila,2011,9053,https://apiperiodico.jalisco.gob.mx/api/otrosperiodicos/public/9053/pdf,data\jalisco\pdf_raw\tequila\2011\JAL_RAW_2011_tequila.pdf,ok
97,Teuchitlán,2010,8795,https://apiperiodico.jalisco.gob.mx/api/otrosperiodicos/public/8795/pdf,data\jalisco\pdf_raw\teuchitlan\2010\JAL_RAW_2010_teuchitlan.pdf,ok
97,Teuchitlán,2011,8252,https://apiperiodico.jalisco.gob.mx/api/otrosperiodicos/public/8252/pdf,data\jalisco\pdf_raw\teuchitlan\2011\JAL_RAW_2011_teuchitlan.pdf,ok
98,Tizapán el Alto,2010,6857,https://apiperiodico.jalisco.gob.mx/api/otrosperiodicos/public/6857/pdf,data\jalisco\pdf_raw\tizapan_el_alto\2010\JAL_RAW_2010_tizapan_el_alto.pdf,ok
98,Tizapán el Alto,2011,6855,https://apiperiodico.jalisco.gob.mx/api/otrosperiodicos/public/6855/pdf,data\jalisco\pdf_raw\tizapan_el_alto\2011\JAL_RAW_2011_tizapan_el_alto.pdf,ok
99,Tlajomulco de Zúñiga,2010,7462,https://apiperiodico.jalisco.gob.mx/api/otrosperiodicos/public/7462/pdf,data\jalisco\pdf_raw\tlajomulco_de_zuniga\2010\JAL_RAW_2010_tlajomulco_de_zuniga.pdf,ok
99,Tlajomulco de Zúñiga,2011,9093,https://apiperiodico.jalisco.gob.mx/api/otrosperiodicos/public/9093/pdf,data\jalisco\pdf_raw\tlajomulco_de_zuniga\2011\JAL_RAW_2011_tlajomulco_de_zuniga.pdf,ok
100,Tolimán,2010,7967,https://apiperiodico.jalisco.gob.mx/api/otrosperiodicos/public/7967/pdf,data\jalisco\pdf_raw\toliman\2010\JAL_RAW_2010_toliman.pdf,ok
100,Tolimán,2011,7102,https://apiperiodico.jalisco.gob.mx/api/otrosperiodicos/public/7102/pdf,data\jalisco\pdf_raw\toliman\2011\JAL_RAW_2011_toliman.pdf,ok
101,Tomatlán,2010,8387,https://apiperiodico.jalisco.gob.mx/api/otrosperiodicos/public/8387/pdf,data\jalisco\pdf_raw\tomatlan\2010\JAL_RAW_2010_tomatlan.pdf,ok
101,Tomatlán,2011,9157,https://apiperiodico.jalisco.gob.mx/api/otrosperiodicos/public/9157/pdf,data\jalisco\pdf_raw\tomatlan\2011\JAL_RAW_2011_tomatlan.pdf,ok
102,Tonalá,2010,8860,https://apiperiodico.jalisco.gob.mx/api/otrosperiodicos/public/8860/pdf,data\jalisco\pdf_raw\tonala\2010\JAL_RAW_2010_tonala.pdf,ok
102,Tonalá,2011,9041,https://apiperiodico.jalisco.gob.mx/api/otrosperiodicos/public/9041/pdf,data\jalisco\pdf_raw\tonala\2011\JAL_RAW_2011_tonala.pdf,ok
103,Tonaya,2010,9453,https://apiperiodico.jalisco.gob.mx/api/otrosperiodicos/public/9453/pdf,data\jalisco\pdf_raw\tonaya\2010\JAL_RAW_2010_tonaya.pdf,ok
103,Tonaya,2011,7279,https://apiperiodico.jalisco.gob.mx/api/otrosperiodicos/public/7279/pdf,data\jalisco\pdf_raw\tonaya\2011\JAL_RAW_2011_tonaya.pdf,ok
104,Tonila,2010,8874,https://apiperiodico.jalisco.gob.mx/api/otrosperiodicos/public/8874/pdf,data\jalisco\pdf_raw\tonila\2010\JAL_RAW_2010_tonila.pdf,ok
104,Tonila,2011,9522,https://apiperiodico.jalisco.gob.mx/api/otrosperiodicos/public/9522/pdf,data\jalisco\pdf_raw\tonila\2011\JAL_RAW_2011_tonila.pdf,ok
105,Totatiche,2010,7607,https://apiperiodico.jalisco.gob.mx/api/otrosperiodicos/public/7607/pdf,data\jalisco\pdf_raw\totatiche\2010\JAL_RAW_2010_totatiche.pdf,ok
105,Totatiche,2011,9580,https://apiperiodico.jalisco.gob.mx/api/otrosperiodicos/public/9580/pdf,data\jalisco\pdf_raw\totatiche\2011\JAL_RAW_2011_totatiche.pdf,ok
106,Tototlán,2010,7283,https://apiperiodico.jalisco.gob.mx/api/otrosperiodicos/public/7283/pdf,data\jalisco\pdf_raw\tototlan\2010\JAL_RAW_2010_tototlan.pdf,ok
106,Tototlán,2011,8200,https://apiperiodico.jalisco.gob.mx/api/otrosperiodicos/public/8200/pdf,data\jalisco\pdf_raw\tototlan\2011\JAL_RAW_2011_tototlan.pdf,ok
107,Tuxcacuesco,2010,7581,https://apiperiodico.jalisco.gob.mx/api/otrosperiodicos/public/7581/pdf,data\jalisco\pdf_raw\tuxcacuesco\2010\JAL_RAW_2010_tuxcacuesco.pdf,ok
107,Tuxcacuesco,2011,7557,https://apiperiodico.jalisco.gob.mx/api/otrosperiodicos/public/7557/pdf,data\jalisco\pdf_raw\tuxcacuesco\2011\JAL_RAW_2011_tuxcacuesco.pdf,ok
108,Tuxcueca,2010,8611,https://apiperiodico.jalisco.gob.mx/api/otrosperiodicos/public/8611/pdf,data\jalisco\pdf_raw\tuxcueca\2010\JAL_RAW_2010_tuxcueca.pdf,ok
108,Tuxcueca,2011,8008,https://apiperiodico.jalisco.gob.mx/api/otrosperiodicos/public/8008/pdf,data\jalisco\pdf_raw\tuxcueca\2011\JAL_RAW_2011_tuxcueca.pdf,ok
109,Tuxpan,2010,9500,https://apiperiodico.jalisco.gob.mx/api/otrosperiodicos/public/9500/pdf,data\jalisco\pdf_raw\tuxpan\2010\JAL_RAW_2010_tuxpan.pdf,ok
109,Tuxpan,2011,8814,https://apiperiodico.jalisco.gob.mx/api/otrosperiodicos/public/8814/pdf,data\jalisco\pdf_raw\tuxpan\2011\JAL_RAW_2011_tuxpan.pdf,ok
110,Unión de San Antonio,2010,7566,https://apiperiodico.jalisco.gob.mx/api/otrosperiodicos/public/7566/pdf,data\jalisco\pdf_raw\union_de_san_antonio\2010\JAL_RAW_2010_union_de_san_antonio.pdf,ok
110,Unión de San Antonio,2011,7239,https://apiperiodico.jalisco.gob.mx/api/otrosperiodicos/public/7239/pdf,data\jalisco\pdf_raw\union_de_san_antonio\2011\JAL_RAW_2011_union_de_san_antonio.pdf,ok
111,Unión de Tula,2010,8072,https://apiperiodico.jalisco.gob.mx/api/otrosperiodicos/public/8072/pdf,data\jalisco\pdf_raw\union_de_tula\2010\JAL_RAW_2010_union_de_tula.pdf,ok
111,Unión de Tula,2011,9438,https://apiperiodico.jalisco.gob.mx/api/otrosperiodicos/public/9438/pdf,data\jalisco\pdf_raw\union_de_tula\2011\JAL_RAW_2011_union_de_tula.pdf,ok
112,Valle de Guadalupe,2010,7966,https://apiperiodico.jalisco.gob.mx/api/otrosperiodicos/public/7966/pdf,data\jalisco\pdf_raw\valle_de_guadalupe\2010\JAL_RAW_2010_valle_de_guadalupe.pdf,ok
112,Valle de Guadalupe,2011,8493,https://apiperiodico.jalisco.gob.mx/api/otrosperiodicos/public/8493/pdf,data\jalisco\pdf_raw\valle_de_guadalupe\2011\JAL_RAW_2011_valle_de_guadalupe.pdf,ok
113,Valle de Juárez,2010,7489,https://apiperiodico.jalisco.gob.mx/api/otrosperiodicos/public/7489/pdf,data\jalisco\pdf_raw\valle_de_juarez\2010\JAL_RAW_2010_valle_de_juarez.pdf,ok
113,Valle de Juárez,2011,7463,https://apiperiodico.jalisco.gob.mx/api/otrosperiodicos/public/7463/pdf,data\jalisco\pdf_raw\valle_de_juarez\2011\JAL_RAW_2011_valle_de_juarez.pdf,ok
114,Villa Corona,2010,8881,https://apiperiodico.jalisco.gob.mx/api/otrosperiodicos/public/8881/pdf,data\jalisco\pdf_raw\villa_corona\2010\JAL_RAW_2010_villa_corona.pdf,ok
114,Villa Corona,2011,8524,https://apiperiodico.jalisco.gob.mx/api/otrosperiodicos/public/8524/pdf,data\jalisco\pdf_raw\villa_corona\2011\JAL_RAW_2011_villa_corona.pdf,ok
115,Villa Guerrero,2010,8219,https://apiperiodico.jalisco.gob.mx/api/otrosperiodicos/public/8219/pdf,data\jalisco\pdf_raw\villa_guerrero\2010\JAL_RAW_2010_villa_guerrero.pdf,ok
115,Villa Guerrero,2011,9265,https://apiperiodico.jalisco.gob.mx/api/otrosperiodicos/public/9265/pdf,data\jalisco\pdf_raw\villa_guerrero\2011\JAL_RAW_2011_villa_guerrero.pdf,ok
116,Villa Hidalgo,2010,8934,https://apiperiodico.jalisco.gob.mx/api/otrosperiodicos/public/8934/pdf,data\jalisco\pdf_raw\villa_hidalgo\2010\JAL_RAW_2010_villa_hidalgo.pdf,ok
116,Villa Hidalgo,2011,8597,https://apiperiodico.jalisco.gob.mx/api/otrosperiodicos/public/8597/pdf,data\jalisco\pdf_raw\villa_hidalgo\2011\JAL_RAW_2011_villa_hidalgo.pdf,ok
117,Villa Purificación,2010,9509,https://apiperiodico.jalisco.gob.mx/api/otrosperiodicos/public/9509/pdf,data\jalisco\pdf_raw\villa_purificacion\2010\JAL_RAW_2010_villa_purificacion.pdf,ok
117,Villa Purificación,2011,9315,https://apiperiodico.jalisco.gob.mx/api/otrosperiodicos/public/9315/pdf,data\jalisco\pdf_raw\villa_purificacion\2011\JAL_RAW_2011_villa_purificacion.pdf,ok
118,Yahualica de González Gallo,2010,8110,https://apiperiodico.jalisco.gob.mx/api/otrosperiodicos/public/8110/pdf,data\jalisco\pdf_raw\yahualica_de_gonzalez_gallo\2010\JAL_RAW_2010_yahualica_de_gonzalez_gallo.pdf,ok
118,Yahualica de González Gallo,2011,9519,https://apiperiodico.jalisco.gob.mx/api/otrosperiodicos/public/9519/pdf,data\jalisco\pdf_raw\yahualica_de_gonzalez_gallo\2011\JAL_RAW_2011_yahualica_de_gonzalez_gallo.pdf,ok
119,Zacoalco de Torres,2010,8343,https://apiperiodico.jalisco.gob.mx/api/otrosperiodicos/public/8343/pdf,data\jalisco\pdf_raw\zacoalco_de_torres\2010\JAL_RAW_2010_zacoalco_de_torres.pdf,ok
119,Zacoalco de Torres,2011,9062,https://apiperiodico.jalisco.gob.mx/api/otrosperiodicos/public/9062/pdf,data\jalisco\pdf_raw\zacoalco_de_torres\2011\JAL_RAW_2011_zacoalco_de_torres.pdf,ok
120,Zapopan,2010,9434,https://apiperiodico.jalisco.gob.mx/api/otrosperiodicos/public/9434/pdf,data\jalisco\pdf_raw\zapopan\2010\JAL_RAW_2010_zapopan.pdf,ok
120,Zapopan,2011,9652,https://apiperiodico.jalisco.gob.mx/api/otrosperiodicos/public/9652/pdf,data\jalisco\pdf_raw\zapopan\2011\JAL_RAW_2011_zapopan.pdf,ok
121,Zapotiltic,2010,7529,https://apiperiodico.jalisco.gob.mx/api/otrosperiodicos/public/7529/pdf,data\jalisco\pdf_raw\zapotiltic\2010\JAL_RAW_2010_zapotiltic.pdf,ok
121,Zapotiltic,2011,8633,https://apiperiodico.jalisco.gob.mx/api/otrosperiodicos/public/8633/pdf,data\jalisco\pdf_raw\zapotiltic\2011\JAL_RAW_2011_zapotiltic.pdf,ok
122,Zapotitlán de Vadillo,2010,8818,https://apiperiodico.jalisco.gob.mx/api/otrosperiodicos/public/8818/pdf,data\jalisco\pdf_raw\zapotitlan_de_vadillo\2010\JAL_RAW_2010_zapotitlan_de_vadillo.pdf,ok
122,Zapotitlán de Vadillo,2011,7690,https://apiperiodico.jalisco.gob.mx/api/otrosperiodicos/public/7690/pdf,data\jalisco\pdf_raw\zapotitlan_de_vadillo\2011\JAL_RAW_2011_zapotitlan_de_vadillo.pdf,ok
123,Zapotlanejo,2010,8288,https://apiperiodico.jalisco.gob.mx/api/otrosperiodicos/public/8288/pdf,data\jalisco\pdf_raw\zapotlanejo\2010\JAL_RAW_2010_zapotlanejo.pdf,ok
123,Zapotlanejo,2011,7899,https://apiperiodico.jalisco.gob.mx/api/otrosperiodicos/public/7899/pdf,data\jalisco\pdf_raw\zapotlanejo\2011\JAL_RAW_2011_zapotlanejo.pdf,ok
124,Zapotlán del Rey,2010,7881,https://apiperiodico.jalisco.gob.mx/api/otrosperiodicos/public/7881/pdf,data\jalisco\pdf_raw\zapotlan_del_rey\2010\JAL_RAW_2010_zapotlan_del_rey.pdf,ok
124,Zapotlán del Rey,2011,8397,https://apiperiodico.jalisco.gob.mx/api/otrosperiodicos/public/8397/pdf,data\jalisco\pdf_raw\zapotlan_del_rey\2011\JAL_RAW_2011_zapotlan_del_rey.pdf,ok
125,Zapotlán el Grande,2010,7929,https://apiperiodico.jalisco.gob.mx/api/otrosperiodicos/public/7929/pdf,data\jalisco\pdf_raw\zapotlan_el_grande\2010\JAL_RAW_2010_zapotlan_el_grande.pdf,ok
125,Zapotlán el Grande,2011,7583,https://apiperiodico.jalisco.gob.mx/api/otrosperiodicos/public/7583/pdf,data\jalisco\pdf_raw\zapotlan_el_grande\2011\JAL_RAW_2011_zapotlan_el_grande.pdf,ok
